{"mi_loss/val":-1.995997428894043,"orth_reg/test":0.11118187755346298,"gradients/model.singular_fns_x.0.net.2.linear.weights":{"_type":"histogram","values":[1,2,0,0,1,4,1,0,6,4,11,11,13,25,40,65,102,1285,148,71,54,43,30,28,17,11,11,10,9,8,3,2,1,4,1,5,4,3,1,0,1,3,1,1,2,0,0,0,0,1,0,0,2,0,0,0,0,0,0,0,0,0,0,2],"bins":[-0.00981063675135374,-0.009251482784748077,-0.008692328818142414,-0.008133173920214176,-0.007574019953608513,-0.00701486598700285,-0.006455712020397186,-0.005896557588130236,-0.005337403621524572,-0.004778249654918909,-0.0042190952226519585,-0.003659941256046295,-0.003100787056609988,-0.0025416328571736813,-0.001982478890568018,-0.001423324691131711,-0.000864170491695404,-0.000305016350466758,0.00025413779076188803,0.0008132919319905341,0.00137244607321918,0.001931600272655487,0.0024907542392611504,0.0030499084386974573,0.0036090626381337643,0.004168216604739428,0.004727371037006378,0.0052865250036120415,0.005845678970217705,0.006404833402484655,0.006963987369090319,0.007523141801357269,0.008082294836640358,0.008641448803246021,0.009200602769851685,0.009759757667779922,0.010318911634385586,0.010878065600991249,0.011437219567596912,0.011996373534202576,0.012555528432130814,0.013114682398736477,0.01367383636534214,0.014232990331947803,0.014792144298553467,0.01535129826515913,0.015910452231764793,0.01646960712969303,0.01702876016497612,0.017587915062904358,0.018147069960832596,0.018706222996115685,0.019265377894043922,0.01982453092932701,0.02038368582725525,0.020942840725183487,0.021501993760466576,0.022061148658394814,0.022620301693677902,0.02317945659160614,0.023738611489534378,0.024297764524817467,0.024856919422745705,0.025416072458028793,0.02597522735595703]},"orth_reg/train":0.11111327260732651,"gradients/model.singular_fns_x.1.weights":{"_type":"histogram","values":[1,0,0,0,0,0,0,0,0,0,1,0,0,0,0,0,0,0,1,2,0,0,0,2,1,0,1,1,1,0,0,0,1,0,0,0,1,0,1,0,1,0,1,0,0,0,0,0,0,0,0,0,1,0,0,0,0,0,0,0,0,0,0,1],"bins":[-0.043749742209911346,-0.04234159737825394,-0.04093344882130623,-0.03952530026435852,-0.03811715543270111,-0.0367090106010437,-0.03530086204409599,-0.033892713487148285,-0.032484568655490875,-0.031076421961188316,-0.029668275266885757,-0.0282601285725832,-0.02685198187828064,-0.02544383518397808,-0.024035688489675522,-0.022627541795372963,-0.021219395101070404,-0.019811248406767845,-0.018403101712465286,-0.016994955018162727,-0.015586808323860168,-0.01417866162955761,-0.01277051493525505,-0.011362368240952492,-0.009954221546649933,-0.008546074852347374,-0.007137928158044815,-0.005729781463742256,-0.004321634769439697,-0.0029134880751371384,-0.0015053413808345795,-9.719468653202057e-05,0.0013109482824802399,0.0027190949767827988,0.004127241671085358,0.0055353883653879166,0.0069435350596904755,0.008351681753993034,0.009759828448295593,0.011167975142598152,0.012576121836900711,0.01398426853120327,0.015392415225505829,0.016800561919808388,0.018208708614110947,0.019616855308413506,0.021025002002716064,0.022433148697018623,0.023841295391321182,0.02524944208562374,0.0266575887799263,0.02806573547422886,0.029473882168531418,0.030882028862833977,0.032290175557136536,0.033698320388793945,0.03510646894574165,0.03651461750268936,0.03792276233434677,0.03933090716600418,0.04073905572295189,0.0421472042798996,0.04355534911155701,0.044963493943214417,0.046371642500162125]},"||Cxy||_F-(1,)/val":0.37242627143859863,"gradients/model.singular_fns_y.0.net.3.weights":{"values":[1,0,0,0,0,0,0,0,0,0,0,0,0,0,0,0,0,0,0,0,0,0,0,0,0,0,1,0,0,0,0,0,0,1,0,0,0,2,0,1,1,1,1,0,1,0,1,1,0,0,1,1,0,2,1,0,1,1,1,6,5,4,3,154],"bins":[-2.0053059301972098e-07,-1.9736150136395736e-07,-1.9419242391904845e-07,-1.9102333226328483e-07,-1.8785425481837592e-07,-1.846851631626123e-07,-1.815160857177034e-07,-1.7834699406193977e-07,-1.7517791661703086e-07,-1.7200882496126724e-07,-1.6883974751635833e-07,-1.656706558605947e-07,-1.625015784156858e-07,-1.5933248675992218e-07,-1.5616340931501327e-07,-1.5299431765924965e-07,-1.4982524021434074e-07,-1.4665614855857712e-07,-1.434870569028135e-07,-1.4031797945790458e-07,-1.3714888780214096e-07,-1.3397981035723205e-07,-1.3081071870146843e-07,-1.2764164125655952e-07,-1.244725496007959e-07,-1.21303472155887e-07,-1.1813438050012337e-07,-1.149652959497871e-07,-1.1179621139945084e-07,-1.0862712684911457e-07,-1.0545804229877831e-07,-1.0228895774844204e-07,-9.911986609267842e-08,-9.595078154234216e-08,-9.278169699200589e-08,-8.961261244166963e-08,-8.644352789133336e-08,-8.32744433409971e-08,-8.010535879066083e-08,-7.693627424032456e-08,-7.376718258456094e-08,-7.059809803422468e-08,-6.742901348388841e-08,-6.425992893355215e-08,-6.109084438321588e-08,-5.7921759832879616e-08,-5.475267528254335e-08,-5.1583590732207085e-08,-4.841450618187082e-08,-4.5245421631534555e-08,-4.207633708119829e-08,-3.8907252530862024e-08,-3.573816798052576e-08,-3.2569079877475815e-08,-2.939999532713955e-08,-2.6230910776803285e-08,-2.306182622646702e-08,-1.9892741676130754e-08,-1.672365712579449e-08,-1.3554570799101384e-08,-1.0385486248765119e-08,-7.216401254339644e-09,-4.047316259914169e-09,-8.782312654886937e-10,2.2908537289367814e-09],"_type":"histogram"},"||Cy||_F-(0,)/train":0.3306318521499634,"||Cy||_F-(0,)/val":0.33145666122436523,"||Cx||_F-(0,)/val":0.33145666122436523,"||Cxy||_F-(1,)/test":0.32854944467544556,"||Cxy||_F-(0,)/val":0.33145666122436523,"mi_loss/test":-1.9974524974822998,"_step":975,"loss/train":-1.873032808303833,"gradients/model.singular_fns_y.0.net.1.linear.weights":{"bins":[-3.007375681818303e-08,-2.8846859123632385e-08,-2.761996142908174e-08,-2.6393065510887936e-08,-2.5166167816337293e-08,-2.393927012178665e-08,-2.2712372427236005e-08,-2.148547473268536e-08,-2.0258578814491557e-08,-1.9031681119940913e-08,-1.780478342539027e-08,-1.6577885730839625e-08,-1.5350988036288982e-08,-1.4124091229916758e-08,-1.2897193535366114e-08,-1.167029672899389e-08,-1.0443399034443246e-08,-9.216501339892602e-09,-7.989604533520378e-09,-6.762706838969734e-09,-5.5358095885083e-09,-4.308912338046866e-09,-3.0820148655408275e-09,-1.855117504057091e-09,-6.282201425733547e-10,5.986772189103817e-10,1.8255745803941181e-09,3.052472052900157e-09,4.279369303361591e-09,5.506266553823025e-09,6.733164248373669e-09,7.960061054745893e-09,9.186958749296537e-09,1.041385644384718e-08,1.1640753250219404e-08,1.2867650944770048e-08,1.4094547751142272e-08,1.5321445445692916e-08,1.654834314024356e-08,1.7775240834794204e-08,1.9002136752988008e-08,2.0229034447538652e-08,2.1455932142089296e-08,2.268282983663994e-08,2.3909727531190583e-08,2.5136625225741227e-08,2.636352114393503e-08,2.7590418838485675e-08,2.881731653303632e-08,3.0044212451230123e-08,3.127111014578077e-08,3.249800784033141e-08,3.3724905534882055e-08,3.49518032294327e-08,3.617870092398334e-08,3.7405598618533986e-08,3.863249631308463e-08,3.9859394007635274e-08,4.108629170218592e-08,4.231318584402288e-08,4.3540083538573526e-08,4.476698123312417e-08,4.5993878927674814e-08,4.722077662222546e-08,4.84476743167761e-08],"_type":"histogram","values":[1,0,0,1,2,1,3,1,3,3,11,11,6,7,11,14,9,13,15,26,36,81,109,201,929,208,131,57,37,13,20,21,11,6,12,7,5,5,6,2,2,0,0,1,2,1,0,1,0,0,2,0,2,0,0,1,0,0,0,0,0,0,0,1]},"loss/val":-1.8647003173828125,"||Cxy||_F-(0,)/train":0.3306318521499634,"center_reg/test":2.391651153564453,"orth_reg/val":0.1112222895026207,