{"||Cxy||_F-(1,)/test":0.3465169370174408,"center_reg/val":2.672999620437622,"gradients/model.singular_fns_y.0.net.1.weights":{"values":[1,0,1,0,0,0,0,0,0,2,0,1,0,0,0,2,0,0,1,0,1,1,0,1,0,0,0,0,0,2,0,0,0,0,0,2,0,0,0,1,0,1,0,3,0,0,1,0,0,0,3,1,1,2,0,1,0,2,0,132,12,6,6,5],"bins":[-0.001422598259523511,-0.001398818800225854,-0.001375039340928197,-0.00135125988163054,-0.0013274805387482047,-0.0013037010794505477,-0.0012799216201528907,-0.0012561421608552337,-0.0012323627015575767,-0.0012085832422599196,-0.0011848038993775845,-0.0011610244400799274,-0.0011372449807822704,-0.0011134655214846134,-0.0010896860621869564,-0.0010659066028892994,-0.0010421271435916424,-0.0010183478007093072,-0.0009945683414116502,-0.0009707888821139932,-0.0009470094228163362,-0.0009232300217263401,-0.000899450562428683,-0.000875671103131026,-0.0008518917020410299,-0.0008281122427433729,-0.0008043327834457159,-0.0007805533241480589,-0.0007567739230580628,-0.0007329944637604058,-0.0007092150044627488,-0.0006854356033727527,-0.0006616560858674347,-0.0006378766847774386,-0.0006140972254797816,-0.0005903177661821246,-0.0005665383068844676,-0.0005427589057944715,-0.0005189794464968145,-0.0004951999871991575,-0.0004714205861091614,-0.00044764112681150436,-0.0004238616966176778,-0.0004000822373200208,-0.00037630280712619424,-0.0003525233769323677,-0.00032874391763471067,-0.0003049644874408841,-0.0002811850281432271,-0.00025740559794940054,-0.000233626167755574,-0.0002098467230098322,-0.00018606727826409042,-0.00016228783351834863,-0.00013850838877260685,-0.0001147289585787803,-9.094951383303851e-05,-6.717006908729672e-05,-4.3390631617512554e-05,-1.9611190509749576e-05,4.168250598013401e-06,2.794769170577638e-05,5.1727132813539356e-05,7.550657028332353e-05,9.928601502906531e-05],"_type":"histogram"},"loss/test":-1.8609991073608398,"||Cxy||_F-(1,)/train":0.35456693172454834,"loss/val":-1.85785710811615,"orth_reg/train":0.11113842576742172,"gradients/model.sval_dof.weights":{"_type":"histogram","values":[1,0,0,0,0,0,0,0,0,1,2,0,0,0,0,0,0,0,1,0,0,0,0,0,0,0,0,0,0,0,0,0,0,0,0,0,0,0,0,0,0,0,0,0,0,0,0,0,0,0,0,0,0,0,0,0,0,0,0,0,0,0,0,1],"bins":[-0.0005963576841168106,-0.0005417434731498361,-0.0004871293203905225,-0.00043251513852737844,-0.0003779009566642344,-0.0003232867456972599,-0.00026867256383411586,-0.00021405838197097182,-0.00015944420010782778,-0.00010483001824468374,-5.021582910558209e-05,4.398356395540759e-06,5.9012541896663606e-05,0.00011362672375980765,0.00016824092017486691,0.00022285510203801095,0.000277469283901155,0.00033208346576429904,0.0003866976476274431,0.0004413118294905871,0.0004959260113537312,0.0005505402223207057,0.0006051543750800192,0.0006597685860469937,0.0007143827388063073,0.0007689969497732818,0.0008236111607402563,0.0008782253134995699,0.0009328395244665444,0.0009874537354335189,0.0010420678881928325,0.001096682040952146,0.0011512961937114596,0.0012059103464707732,0.0012605246156454086,0.0013151387684047222,0.0013697529211640358,0.0014243670739233494,0.0014789813430979848,0.0015335954958572984,0.001588209648616612,0.0016428239177912474,0.001697438070550561,0.0017520522233098745,0.0018066663760691881,0.0018612806452438235,0.0019158947980031371,0.0019705090671777725,0.002025123219937086,0.0020797373726963997,0.0021343515254557133,0.002188965678215027,0.0022435798309743404,0.002298193983733654,0.0023528083693236113,0.002407422522082925,0.0024620366748422384,0.002516650827601552,0.0025712649803608656,0.002625879133120179,0.0026804932858794928,0.00273510767146945,0.0027897218242287636,0.002844335976988077,0.0028989501297473907]},"gradients/model.singular_fns_y.0.net.0.linear.weights":{"_type":"histogram","values":[1,0,0,0,0,0,0,0,1,0,0,0,0,1,0,1,0,0,0,0,1,1,0,1,1,0,0,2,0,1,0,1,0,1,2,0,3,2,4,1,0,0,1,0,2,0,0,1,1,0,0,0,0,0,0,0,0,0,1,0,0,0,0,1],"bins":[-0.00024181403568945825,-0.00023426183906849474,-0.00022670965699944645,-0.00021915746037848294,-0.00021160527830943465,-0.00020405308168847114,-0.00019650089961942285,-0.00018894870299845934,-0.00018139652092941105,-0.00017384432430844754,-0.00016629212768748403,-0.00015873994561843574,-0.00015118774899747223,-0.00014363556692842394,-0.00013608337030746043,-0.00012853118823841214,-0.00012097899161744863,-0.00011342680227244273,-0.00010587461292743683,-9.832242358243093e-05,-9.077023423742503e-05,-8.321803761646152e-05,-7.566584827145562e-05,-6.811365892644972e-05,-6.0561469581443816e-05,-5.300928023643792e-05,-4.545709089143202e-05,-3.790489790844731e-05,-3.035270856344141e-05,-2.280051921843551e-05,-1.5248328054440208e-05,-7.696137799939606e-06,-1.4393299352377653e-07,7.408257260976825e-06,1.4960447515477426e-05,2.251263867947273e-05,3.006482802447863e-05,3.761701736948453e-05,4.5169210352469236e-05,5.2721399697475135e-05,6.0273589042481035e-05,6.782577838748693e-05,7.537796773249283e-05,8.293015707749873e-05,9.048235369846225e-05,9.803454304346815e-05,0.00010558673238847405,0.00011313892173347995,0.00012069111107848585,0.00012824330769944936,0.00013579548976849765,0.00014334768638946116,0.00015089986845850945,0.00015845206507947296,0.00016600424714852124,0.00017355644376948476,0.00018110862583853304,0.00018866082245949656,0.00019621301908046007,0.00020376520114950836,0.00021131739777047187,0.00021886957983952016,0.00022642177646048367,0.00023397395852953196,0.00024152615515049547]},"gradients/model.singular_fns_x.0.net.1.weights":{"bins":[-0.24203750491142273,-0.2355164736509323,-0.2289954423904419,-0.22247441112995148,-0.21595337986946106,-0.20943236351013184,-0.20291133224964142,-0.196390300989151,-0.18986926972866058,-0.18334823846817017,-0.17682720720767975,-0.17030617594718933,-0.1637851595878601,-0.1572641283273697,-0.15074309706687927,-0.14422206580638885,-0.13770103454589844,-0.13118000328540802,-0.1246589720249176,-0.11813794821500778,-0.11161691695451736,-0.10509588569402695,-0.09857486188411713,-0.09205383062362671,-0.08553279936313629,-0.07901176810264587,-0.07249073684215546,-0.06596971303224564,-0.05944868177175522,-0.0529276505112648,-0.04640662297606468,-0.03988559544086456,-0.033364564180374146,-0.026843534782528877,-0.02032250538468361,-0.01380147598683834,-0.0072804465889930725,-0.0007594171911478043,0.005761612206697464,0.012282641604542732,0.018803671002388,0.02532470040023327,0.03184572979807854,0.038366757333278656,0.044887788593769073,0.05140881985425949,0.05792984738945961,0.06445087492465973,0.07097190618515015,0.07749293744564056,0.08401396870613098,0.0905349925160408,0.09705602377653122,0.10357705503702164,0.11009807884693146,0.11661911010742188,0.12314014136791229,0.1296611726284027,0.13618220388889313,0.14270323514938354,0.14922425150871277,0.15574528276920319,0.1622663140296936,0.16878734529018402,0.17530837655067444],"_type":"histogram","values":[1,0,0,0,0,1,0,0,0,1,0,0,0,0,0,0,0,0,0,0,0,1,1,1,1,0,1,1,3,3,4,6,3,7,17,23,32,23,14,9,6,8,6,3,1,2,1,1,4,0,1,1,0,2,0,1,1,0,0,0,0,0,0,1]},"||Cy||_F-(1,)/train":0.35456693172454834,"||Cxy||_F-(0,)/test":0.32146087288856506,"mi_loss/train":-1.999016523361206,"center_reg/train":2.7353062629699707,"||Cx||_F-(1,)/train":0.35456693172454834,"epoch":500,"||Cy||_F-(0,)/val":0.3329699635505676,"||Cxy||_F-(0,)/train":0.3335381746292114,"||Cxy||_F-(0,)/val":0.3329699635505676,"||Cx||_F-(0,)/val":0.3329699635505676,"||Cy||_F-(1,)/test":0.3465169370174408,"||Cy||_F-(0,)/train":0.3335381746292114,"_step":350,"||Cx||_F-(1,)/test":0.3465169370174408,"orth_reg/val":0.11134757846593857,"trainer/global_step":1000,"||Cy||_F-(1,)/val":0.3424500823020935,"mi_loss/test":-1.9953619241714478,"orth_reg/test":0.1112399473786354,"||Cx||_F-(0,)/test":0.32146087288856506,"||Cx||_F-(1,)/val":0.3424500823020935,"||Cxy||_F-(1,)/val":0.3424500823020935,"_timestamp":1.7352435205897973e+09,"||Cy||_F-(0,)/test":0.32146087288856506,"loss/train":-1.864290714263916,"_runtime":13.704893497,"center_reg/test":2.713494300842285,