sample_size,seed,model,mae,coverage_error,ci_size
20000,42,MLP,0.015213150531053543,,
20000,42,NCP,0.0415349155664444,2.634370823701223,0.6487501143581338
20000,42,eNCP,0.01841268129646778,0.40093583365281443,0.5841460385256343
