{"gradients/model.singular_fns_y.0.net.1.weights":{"values":[5,18,105,2,0,1,6,1,0,1,5,2,0,0,0,3,1,3,0,1,0,1,2,3,2,5,2,1,2,1,0,1,2,2,0,2,2,1,0,0,1,0,0,0,1,0,1,0,0,1,0,1,0,0,1,0,0,1,0,0,1,0,0,1],"bins":[-4.442306817509234e-05,-2.702354140637908e-05,-9.624014637665823e-06,7.775512131047435e-06,2.5175038899760693e-05,4.2574567487463355e-05,5.997409243718721e-05,7.737361738691106e-05,9.477314597461373e-05,0.00011217267456231639,0.00012957220315001905,0.0001469717244617641,0.00016437124577350914,0.00018177078163716942,0.00019917030294891447,0.00021656983881257474,0.0002339693601243198,0.00025136888143606484,0.0002687684027478099,0.0002861679531633854,0.00030356747447513044,0.0003209669957868755,0.00033836651709862053,0.0003557660384103656,0.0003731655888259411,0.00039056511013768613,0.0004079646314494312,0.00042536415276117623,0.0004427636740729213,0.0004601631953846663,0.00047756274580024183,0.0004949622671119869,0.0005123618175275624,0.0005297613679431379,0.0005471608601510525,0.000564560410566628,0.0005819599027745426,0.0005993594531901181,0.0006167590036056936,0.0006341584958136082,0.0006515580462291837,0.0006689575384370983,0.0006863570888526738,0.0007037566392682493,0.0007211561314761639,0.0007385556818917394,0.000755955174099654,0.0007733547245152295,0.0007907542167231441,0.0008081537671387196,0.0008255533175542951,0.0008429528097622097,0.0008603523601777852,0.0008777518523856997,0.0008951514028012753,0.0009125509532168508,0.0009299504454247653,0.0009473499958403409,0.0009647494880482554,0.000982149038463831,0.0009995485888794065,0.001016948139294982,0.0010343475732952356,0.0010517471237108111,0.0010691466741263866],"_type":"histogram"},"max_sval(0,)/test":0.3758951723575592,"min_sval(0,)/val":7.960012649022019e-10,"max_sval(1,)/val":1.0072894096374512,"gradients/model.singular_fns_y.1.weights":{"values":[1,0,1,0,0,0,0,0,0,0,0,0,0,0,0,0,0,0,0,0,1,0,0,0,0,0,0,2,0,0,0,0,9,0,1,0,0,0,0,0,0,0,0,0,1,0,0,0,0,0,0,0,0,0,0,0,0,0,0,0,0,1,0,1],"bins":[-6.786748417653143e-05,-6.578015018021688e-05,-6.369281618390232e-05,-6.160547491163015e-05,-5.95181409153156e-05,-5.743080691900104e-05,-5.534347292268649e-05,-5.3256135288393125e-05,-5.116880129207857e-05,-4.9081467295764014e-05,-4.699412966147065e-05,-4.4906795665156096e-05,-4.281946166884154e-05,-4.073212403454818e-05,-3.864479003823362e-05,-3.655745240394026e-05,-3.4470118407625705e-05,-3.238278441131115e-05,-3.0295446777017787e-05,-2.820811278070323e-05,-2.6120776965399273e-05,-2.4033441150095314e-05,-2.194610715378076e-05,-1.98587713384768e-05,-1.777143552317284e-05,-1.568409970786888e-05,-1.3596764802059624e-05,-1.1509429896250367e-05,-9.422094080946408e-06,-7.3347587203898e-06,-5.247423359833192e-06,-3.160087999276584e-06,-1.0727453627623618e-06,1.0145899977942463e-06,3.1019253583508544e-06,5.1892607189074624e-06,7.2765960794640705e-06,9.36393189476803e-06,1.1451266800577287e-05,1.3538601706386544e-05,1.5625937521690503e-05,1.7713273336994462e-05,1.980060915229842e-05,2.1887943148612976e-05,2.3975278963916935e-05,2.6062614779220894e-05,2.814994877553545e-05,3.023728459083941e-05,3.232462040614337e-05,3.441195440245792e-05,3.6499292036751285e-05,3.858662603306584e-05,4.06739636673592e-05,4.276129766367376e-05,4.4848631659988314e-05,4.6935969294281676e-05,4.902330329059623e-05,5.111063728691079e-05,5.319797492120415e-05,5.5285308917518705e-05,5.737264291383326e-05,5.945998054812662e-05,6.154731818241999e-05,6.363465217873454e-05,6.57219861750491e-05],"_type":"histogram"},"min_sval(1,)/val":3.580922502965933e-10,"loss/train":3.7336792945861816,"gradients/model.singular_fns_y.0.net.0.linear.weights":{"bins":[-0.00022085499949753284,-0.00021475707762874663,-0.0002086591557599604,-0.00020256124844308943,-0.0001964633265743032,-0.000190365404705517,-0.00018426748283673078,-0.00017816956096794456,-0.00017207165365107358,-0.00016597373178228736,-0.00015987580991350114,-0.00015377788804471493,-0.0001476799661759287,-0.0001415820443071425,-0.0001354841369902715,-0.0001293862151214853,-0.00012328829325269908,-0.00011719037138391286,-0.00011109245679108426,-0.00010499453492229804,-9.889662032946944e-05,-9.279869846068323e-05,-8.670077659189701e-05,-8.060286199906841e-05,-7.45049401302822e-05,-6.840701826149598e-05,-6.230910366866738e-05,-5.621118179988116e-05,-5.011326356907375e-05,-4.401534533826634e-05,-3.791742346948013e-05,-3.181950523867272e-05,-2.572158700786531e-05,-1.96236687770579e-05,-1.3525748727261089e-05,-7.427829586958978e-06,-1.3299104466568679e-06,4.768008693645243e-06,1.0865927833947353e-05,1.6963847883744165e-05,2.3061766114551574e-05,2.9159684345358983e-05,3.525760257616639e-05,4.135552444495261e-05,4.7453442675760016e-05,5.3551360906567425e-05,5.964928277535364e-05,6.574719736818224e-05,7.184511923696846e-05,7.794304110575467e-05,8.404095569858328e-05,9.013887756736949e-05,9.623679216019809e-05,0.00010233471402898431,0.00010843263589777052,0.00011453055049059913,0.00012062847235938534,0.00012672638695221394,0.00013282430882100016,0.00013892223068978637,0.0001450201525585726,0.0001511180744273588,0.0001572159817442298,0.000163313903613016,0.00016941182548180223],"_type":"histogram","values":[1,0,0,0,0,0,1,0,0,1,0,0,0,1,0,1,0,1,0,0,0,1,1,0,0,0,1,2,0,0,1,0,0,1,0,1,1,1,1,1,2,0,2,1,1,2,0,0,1,2,0,0,0,1,0,0,0,0,0,0,0,1,0,1]},"orth_reg/train":0.7404049634933472,"min_sval(0,)/test":4.653935015141997e-09,"_runtime":14.895922489,"loss/val":3.6998138427734375,"gradients/model.singular_fns_x.0.net.0.linear.weights":{"_type":"histogram","values":[1,0,0,0,0,2,0,0,0,0,1,1,1,1,0,1,0,0,0,0,1,0,0,1,1,0,1,0,2,1,1,1,0,1,1,0,1,1,3,0,0,3,0,0,0,0,0,2,0,0,0,0,0,0,0,1,1,0,0,0,0,0,0,1],"bins":[-0.1622091829776764,-0.15609338879585266,-0.14997759461402893,-0.1438618153333664,-0.13774602115154266,-0.13163022696971893,-0.1255144327878952,-0.11939864605665207,-0.11328285187482834,-0.10716705769300461,-0.10105127096176147,-0.09493547677993774,-0.08881968259811401,-0.08270389586687088,-0.07658810168504715,-0.07047231495380402,-0.06435652077198029,-0.058240730315446854,-0.05212493985891342,-0.04600914567708969,-0.03989335522055626,-0.03377756476402283,-0.027661772444844246,-0.021545980125665665,-0.015430189669132233,-0.009314398281276226,-0.0031986068934202194,0.002917184494435787,0.009032975882291794,0.0151487672701478,0.021264558658003807,0.02738035097718239,0.033496156334877014,0.039611946791410446,0.04572773724794388,0.05184353142976761,0.05795932188630104,0.06407511234283447,0.0701909065246582,0.07630669325590134,0.08242248743772507,0.0885382816195488,0.09465406835079193,0.10076986253261566,0.10688565671443939,0.11300144344568253,0.11911723762750626,0.1252330243587494,0.13134881854057312,0.13746461272239685,0.14358040690422058,0.14969618618488312,0.15581198036670685,0.16192777454853058,0.1680435687303543,0.17415936291217804,0.18027514219284058,0.1863909363746643,0.19250673055648804,0.19862252473831177,0.2047383189201355,0.21085411310195923,0.21696989238262177,0.2230856865644455,0.22920148074626923]},"min_sval(1,)/train":2.152215072825925e-09,"_step":350,"center_reg/val":0.9303613901138306,"mi_loss/train":-1.5575705766677856,"center_reg/train":0.8488200306892395,"orth_reg/val":0.7307877540588379,