{"max_sval(0,)/val":1.0081061124801636,"min_sval(0,)/train":1.5259238913666734e-13,"max_sval(1,)/train":0.9763845801353455,"_step":350,"max_sval(0,)/train":0.9966825842857361,"min_sval(1,)/train":7.079021830530552e-12,"mi_loss/train":-1.9994312524795532,"max_sval(1,)/val":1.0099455118179321,"center_reg/val":2.391235113143921,"mi_loss/test":-1.995729684829712,"mi_loss/val":-1.99134361743927,"_timestamp":1.735241244074289e+09,"loss/val":-1.747344732284546,"loss/test":-1.7514116764068604,"gradients/model.singular_fns_x.0.net.1.weights":{"bins":[-0.09338871389627457,-0.09063445776700974,-0.0878802016377449,-0.08512594550848007,-0.08237169682979584,-0.079617440700531,-0.07686318457126617,-0.07410892844200134,-0.07135467231273651,-0.06860041618347168,-0.06584616005420685,-0.06309190392494202,-0.060337651520967484,-0.05758339539170265,-0.05482914298772812,-0.05207488685846329,-0.049320630729198456,-0.046566374599933624,-0.04381211847066879,-0.04105786606669426,-0.03830360993742943,-0.0355493538081646,-0.032795101404190063,-0.030040845274925232,-0.0272865891456604,-0.02453233301639557,-0.021778078749775887,-0.019023824483156204,-0.016269568353891373,-0.013515313155949116,-0.010761057958006859,-0.008006802760064602,-0.005252540111541748,-0.002498284913599491,0.0002559702843427658,0.0030102254822850227,0.00576448068022728,0.008518735878169537,0.011272991076111794,0.01402724627405405,0.016781501471996307,0.01953575760126114,0.02229001186788082,0.025044266134500504,0.027798522263765335,0.030552778393030167,0.0333070307970047,0.03606128692626953,0.03881554305553436,0.041569799184799194,0.044324055314064026,0.04707830771803856,0.04983256384730339,0.05258681997656822,0.055341072380542755,0.05809532850980759,0.06084958463907242,0.06360384076833725,0.06635809689760208,0.06911235302686691,0.07186660170555115,0.07462085783481598,0.07737511396408081,0.08012937009334564,0.08288362622261047],"_type":"histogram","values":[1,0,1,0,0,0,0,1,0,1,1,0,0,0,0,0,1,0,0,1,1,1,2,3,1,4,6,6,7,21,15,29,62,328,125,42,29,26,13,9,4,4,3,2,1,1,2,5,1,2,0,1,1,1,1,0,0,1,0,0,0,0,0,1]},"_wandb":{"runtime":15},"_runtime":15.278989693,"orth_reg/test":1.8336892127990723,"gradients/model.singular_fns_y.1.weights":{"_type":"histogram","values":[1,0,0,0,0,1,0,0,0,0,0,0,0,0,0,0,0,0,0,0,0,0,0,0,0,1,1,0,2,0,1,1,1,0,0,1,0,1,2,3,4,4,1,5,9,10,13,154,25,15,11,4,4,4,4,1,0,0,0,1,1,0,1,1],"bins":[-7.413463731786862e-10,-7.257930367821075e-10,-7.102396448743775e-10,-6.946863084777988e-10,-6.7913297208122e-10,-6.635795801734901e-10,-6.480262437769113e-10,-6.324729073803326e-10,-6.169195154726026e-10,-6.013661790760239e-10,-5.858128426794451e-10,-5.702595062828664e-10,-5.547061143751364e-10,-5.391527779785577e-10,-5.235994415819789e-10,-5.080460496742489e-10,-4.924927132776702e-10,-4.769393768810914e-10,-4.613860127289371e-10,-4.4583264857678273e-10,-4.30279312180204e-10,-4.1472594802804963e-10,-3.9917258387589527e-10,-3.8361924747931653e-10,-3.6806588332716217e-10,-3.525125191750078e-10,-3.3695918277842907e-10,-3.214058186262747e-10,-3.0585245447412035e-10,-2.902991180775416e-10,-2.7474575392538725e-10,-2.591924175288085e-10,-2.4363905337665415e-10,-2.280857031022876e-10,-2.1253235282792104e-10,-1.9697898867576669e-10,-1.8142563840140014e-10,-1.6587228812703358e-10,-1.5031892397487923e-10,-1.3476557370051268e-10,-1.1921222342614612e-10,-1.0365887315177957e-10,-8.810551593851912e-11,-7.255215872525866e-11,-5.6998808450892113e-11,-4.144545470707861e-11,-2.5892100963265108e-11,-1.0338747219451605e-11,5.214606524361898e-12,2.07679602681754e-11,3.6321314011988903e-11,5.1874667755802406e-11,6.742802149961591e-11,8.298137177398246e-11,9.853472898724291e-11,1.1408808620050337e-10,1.2964143647486992e-10,1.4519478674923647e-10,1.6074813702360302e-10,1.7630150117575738e-10,1.9185485145012393e-10,2.0740820172449048e-10,2.2296156587664484e-10,2.385149022732236e-10,2.5406826642537794e-10]},"gradients/model.singular_fns_x.0.net.0.linear.weights":{"_type":"histogram","values":[1,0,1,1,0,0,0,0,1,0,0,1,2,1,2,0,1,0,1,0,1,0,1,0,0,0,1,1,2,1,1,0,0,3,0,1,0,0,0,0,1,1,0,0,1,1,1,0,0,0,0,0,0,0,0,0,0,2,0,0,0,0,0,1],"bins":[-0.01366187259554863,-0.013182253576815128,-0.012702634558081627,-0.012223015539348125,-0.011743396520614624,-0.011263777501881123,-0.010784158483147621,-0.01030453946441412,-0.009824920445680618,-0.009345301426947117,-0.008865682408213615,-0.008386063389480114,-0.007906444370746613,-0.007426825352013111,-0.00694720633327961,-0.006467587314546108,-0.005987968295812607,-0.005508349277079105,-0.005028730258345604,-0.0045491112396121025,-0.004069492220878601,-0.0035898732021450996,-0.003110254183411598,-0.0026306351646780968,-0.0021510161459445953,-0.001671397127211094,-0.0011917781084775925,-0.000712159089744091,-0.0002325400710105896,0.00024707894772291183,0.0007266979664564133,0.0012063169851899147,0.0016859360039234161,0.0021655550226569176,0.002645174041390419,0.0031247930601239204,0.003604412078857422,0.004084031097590923,0.004563650116324425,0.005043269135057926,0.005522888153791428,0.006002507172524929,0.0064821261912584305,0.006961745209991932,0.007441364228725433,0.007920983247458935,0.008400602266192436,0.008880221284925938,0.009359840303659439,0.00983945932239294,0.010319078341126442,0.010798697359859943,0.011278316378593445,0.011757935397326946,0.012237554416060448,0.012717173434793949,0.01319679245352745,0.013676411472260952,0.014156030490994453,0.014635649509727955,0.015115268528461456,0.015594887547194958,0.01607450656592846,0.016554124653339386,0.017033744603395462]},"min_sval(1,)/val":2.1947206205186198e-11,"min_sval(0,)/val":7.332613791329046e-13,"min_sval(0,)/test":3.08429985110964e-13,"epoch":500,"gradients/model.singular_fns_x.1.weights":{"values":[1,1,0,2,1,0,0,1,0,1,1,0,1,1,2,0,2,1,2,2,3,1,5,9,8,9,12,15,22,91,27,9,13,7,3,4,4,4,1,1,0,4,2,1,3,1,1,1,1,1,2,0,2,1,0,0,0,0,0,0,0,0,0,1],"bins":[-0.028815779834985733,-0.027838869020342827,-0.02686195820569992,-0.025885047391057014,-0.02490813657641411,-0.023931223899126053,-0.022954313084483147,-0.02197740226984024,-0.021000491455197334,-0.020023580640554428,-0.019046669825911522,-0.018069759011268616,-0.01709284633398056,-0.016115935519337654,-0.015139024704694748,-0.014162113890051842,-0.013185203075408936,-0.01220829226076603,-0.011231381446123123,-0.010254469700157642,-0.009277558885514736,-0.00830064807087183,-0.0073237367905676365,-0.006346825510263443,-0.005369914695620537,-0.004393003880977631,-0.003416092600673437,-0.0024391815531998873,-0.0014622705057263374,-0.0004853594582527876,0.0004915515892207623,0.001468462636694312,0.002445373684167862,0.0034222847316414118,0.004399195779114962,0.005376107059419155,0.006353017874062061,0.0073299286887049675,0.008306840434670448,0.009283751249313354,0.01026066206395626,0.011237572878599167,0.012214483693242073,0.013191395439207554,0.01416830625385046,0.015145217068493366,0.016122128814458847,0.017099039629101753,0.01807595044374466,0.019052861258387566,0.020029772073030472,0.021006682887673378,0.021983593702316284,0.02296050637960434,0.023937417194247246,0.024914328008890152,0.025891238823533058,0.026868149638175964,0.02784506045281887,0.028821971267461777,0.029798883944749832,0.03077579475939274,0.031752705574035645,0.0327296145260334,0.03370652720332146],"_type":"histogram"},"min_sval(1,)/test":6.6118785793656265e-12,"trainer/global_step":1000,"orth_reg/val":1.834054708480835,"loss/train":-1.7563327550888062,"max_sval(0,)/test":0.9927099347114563,"gradients/model.singular_fns_y.0.net.0.linear.weights":{"_type":"histogram","values":[1,0,0,0,1,1,0,0,0,1,0,1,0,1,1,0,0,0,0,1,2,0,0,1,0,1,3,1,1,0,0,2,1,0,1,1,0,0,1,0,0,1,0,0,1,0,0,1,1,0,2,1,1,0,0,0,0,0,0,0,0,0,0,1],