{"gradients/model.singular_fns_y.0.net.0.linear.weights":{"_type":"histogram","values":[2,0,0,0,0,0,0,0,0,1,0,1,1,1,0,0,0,0,0,0,1,0,0,1,2,1,0,1,1,1,0,2,0,0,1,0,0,0,0,0,1,1,1,0,1,2,0,0,0,2,0,1,2,0,0,0,0,0,0,1,0,0,0,3],"bins":[-7.542179446318187e-06,-7.2987695602932945e-06,-7.055359674268402e-06,-6.811949333496159e-06,-6.568539447471267e-06,-6.325129561446374e-06,-6.081719220674131e-06,-5.838309334649239e-06,-5.594899448624346e-06,-5.351489562599454e-06,-5.108079676574562e-06,-4.8646693358023185e-06,-4.621259449777426e-06,-4.377849563752534e-06,-4.134439222980291e-06,-3.891029336955398e-06,-3.647619450930506e-06,-3.4042095649056137e-06,-3.160799451507046e-06,-2.917389338108478e-06,-2.6739794520835858e-06,-2.4305695660586935e-06,-2.1871594526601257e-06,-1.943749339261558e-06,-1.7003394532366656e-06,-1.4569294535249355e-06,-1.2135194538132055e-06,-9.701094541014754e-07,-7.266994543897454e-07,-4.832894546780153e-07,-2.3987945496628527e-07,3.530544745444786e-09,2.4694054445717484e-07,4.903505441689049e-07,7.337605438806349e-07,9.77170543592365e-07,1.220580543304095e-06,1.463990543015825e-06,1.7074005427275551e-06,1.950810656126123e-06,2.1942205421510153e-06,2.4376304281759076e-06,2.6810405415744754e-06,2.924450654973043e-06,3.1678605409979355e-06,3.411270427022828e-06,3.6546805404213956e-06,3.898090653819963e-06,4.141500539844856e-06,4.384910425869748e-06,4.62832031189464e-06,4.8717306526668835e-06,5.115140538691776e-06,5.358550424716668e-06,5.601960765488911e-06,5.845370651513804e-06,6.088780537538696e-06,6.332190423563588e-06,6.575600309588481e-06,6.819010650360724e-06,7.062420536385616e-06,7.305830422410509e-06,7.549240763182752e-06,7.792650649207644e-06,8.036060535232536e-06]},"min_sval(0,)/test":3.405199011652371e-09,"gradients/model.singular_fns_y.0.net.1.weights":{"_type":"histogram","values":[1,0,0,0,0,0,0,0,0,0,0,0,0,1,1,0,0,0,0,1,1,0,0,0,0,1,0,0,0,1,1,0,0,1,1,1,0,2,0,2,1,1,4,0,0,3,3,4,2,3,3,6,4,8,4,102,9,7,5,2,3,2,0,1],"bins":[-5.501391569850966e-05,-5.402147871791385e-05,-5.3029045375296846e-05,-5.2036608394701034e-05,-5.104417505208403e-05,-5.0051738071488217e-05,-4.9059301090892404e-05,-4.80668677482754e-05,-4.707443076767959e-05,-4.608199742506258e-05,-4.508956044446677e-05,-4.409712346387096e-05,-4.310469012125395e-05,-4.211225314065814e-05,-4.1119819798041135e-05,-4.012738281744532e-05,-3.913494583684951e-05,-3.8142512494232506e-05,-3.715007551363669e-05,-3.615764217101969e-05,-3.5165205190423876e-05,-3.417277184780687e-05,-3.318033486721106e-05,-3.2187897886615247e-05,-3.119546454399824e-05,-3.020302756340243e-05,-2.921059240179602e-05,-2.8218157240189612e-05,-2.7225722078583203e-05,-2.6233286916976795e-05,-2.5240849936380982e-05,-2.4248414774774574e-05,-2.3255979613168165e-05,-2.2263544451561756e-05,-2.1271109289955348e-05,-2.027867412834894e-05,-1.928623896674253e-05,-1.8293803805136122e-05,-1.730136682454031e-05,-1.63089316629339e-05,-1.5316496501327492e-05,-1.4324061339721084e-05,-1.3331625268619973e-05,-1.2339190107013565e-05,-1.1346754035912454e-05,-1.0354318874306045e-05,-9.361883712699637e-06,-8.369447641598526e-06,-7.377012479992118e-06,-6.384576863638358e-06,-5.392141247284599e-06,-4.39970608567819e-06,-3.4072704693244305e-06,-2.414834852970671e-06,-1.4223994639905868e-06,-4.29963961323665e-07,5.624715413432568e-07,1.5549070440101787e-06,2.5473425466771005e-06,3.5397779356571846e-06,4.532213552010944e-06,5.524649168364704e-06,6.517084329971112e-06,7.509519946324872e-06,8.501955562678631e-06]},"_step":350,"min_sval(1,)/test":6.4576402003524436e-09,"_runtime":14.074103075,"gradients/model.singular_fns_x.0.net.0.linear.weights":{"bins":[-0.09455685317516327,-0.09076549857854843,-0.0869741439819336,-0.08318278938531876,-0.07939143478870392,-0.07560008019208908,-0.07180872559547424,-0.0680173709988594,-0.06422601640224457,-0.06043465808033943,-0.056643303483724594,-0.052851948887109756,-0.04906059429049492,-0.04526923969388008,-0.041477885097265244,-0.037686530500650406,-0.03389517590403557,-0.03010382130742073,-0.026312466710805893,-0.022521112114191055,-0.018729757517576218,-0.014938401989638805,-0.011147046461701393,-0.0073556918650865555,-0.003564337268471718,0.00022701756097376347,0.004018372390419245,0.00780972745269537,0.011601082049310207,0.015392436645925045,0.019183792173862457,0.022975146770477295,0.026766501367092133,0.03055785596370697,0.03434921056032181,0.038140565156936646,0.04193191975355148,0.04572327435016632,0.04951462894678116,0.053305983543395996,0.057097338140010834,0.06088869646191597,0.06468004733324051,0.06847140192985535,0.07226275652647018,0.07605411112308502,0.07984546571969986,0.0836368203163147,0.08742818236351013,0.09121953696012497,0.09501089155673981,0.09880224615335464,0.10259360074996948,0.10638495534658432,0.11017630994319916,0.113967664539814,0.11775901913642883,0.12155037373304367,0.1253417283296585,0.12913307547569275,0.13292443752288818,0.13671578466892242,0.14050714671611786,0.1442984938621521,0.14808985590934753],"_type":"histogram","values":[2,0,0,1,1,0,0,0,0,0,1,0,0,2,0,2,1,2,0,1,2,2,0,0,0,0,0,0,1,0,0,1,1,1,0,3,1,0,1,1,0,0,1,0,0,0,0,1,0,0,0,1,0,0,1,0,0,0,0,0,0,0,0,1]},"mi_loss/test":-1.9947558641433716,"loss/val":-1.9250807762145996,"min_sval(1,)/train":2.0816706136628227e-09,"max_sval(0,)/val":1.0141254663467407,"mi_loss/val":-1.9903603792190552,"gradients/model.sval_dof.weights":{"bins":[-0.04136034846305847,-0.03927779942750931,-0.037195250391960144,-0.03511270508170128,-0.033030156046152115,-0.03094760701060295,-0.028865059837698936,-0.026782512664794922,-0.024699963629245758,-0.022617414593696594,-0.02053486742079258,-0.018452320247888565,-0.0163697712123394,-0.014287223108112812,-0.012204675003886223,-0.010122126899659634,-0.008039578795433044,-0.005957030691206455,-0.003874482586979866,-0.0017919344827532768,0.0002906136214733124,0.0023731617256999016,0.004455709829926491,0.00653825793415308,0.00862080603837967,0.010703354142606258,0.012785902246832848,0.014868450351059437,0.016950998455286026,0.01903354749083519,0.021116094663739204,0.02319864183664322,0.025281190872192383,0.027363739907741547,0.02944628708064556,0.031528834253549576,0.03361138328909874,0.0356939323246479,0.03777647763490677,0.03985902667045593,0.041941575706005096,0.04402412474155426,0.046106673777103424,0.04818921908736229,0.05027176812291145,0.05235431715846062,0.05443686246871948,0.056519411504268646,0.05860196053981781,0.060684509575366974,0.06276705861091614,0.0648496076464653,0.06693215668201447,0.06901469826698303,0.0710972473025322,0.07317979633808136,0.07526234537363052,0.07734489440917969,0.07942744344472885,0.08150999248027802,0.08359253406524658,0.08567508310079575,0.08775763213634491,0.08984018117189407,0.09192273020744324],"_type":"histogram","values":[1,0,0,0,0,0,1,0,0,0,0,0,0,1,0,0,1,0,0,0,1,0,0,0,0,0,0,0,0,0,0,0,0,0,0,0,0,0,0,0,0,0,0,0,0,0,0,0,0,0,0,0,0,0,0,0,0,0,0,0,0,0,0,1]},"gradients/model.singular_fns_x.1.weights":{"values":[1,0,0,0,0,0,0,0,0,0,0,0,0,0,0,0,0,0,0,1,0,0,0,0,0,1,0,0,1,0,0,0,2,1,0,1,0,1,0,1,0,1,1,0,0,1,0,1,0,1,0,0,1,0,0,1,0,0,0,0,0,0,0,1],