{"center_reg/test":2.533966541290283,"gradients/model.singular_fns_x.0.net.1.weights":{"bins":[-0.41661015152931213,-0.4015907645225525,-0.38657137751579285,-0.3715520203113556,-0.35653263330459595,-0.3415132462978363,-0.32649385929107666,-0.311474472284317,-0.2964550852775574,-0.2814357280731201,-0.2664163410663605,-0.25139695405960083,-0.2363775670528412,-0.22135819494724274,-0.2063388079404831,-0.19131943583488464,-0.176300048828125,-0.16128066182136536,-0.1462612897157669,-0.13124190270900726,-0.11622252315282822,-0.10120314359664917,-0.08618375658988953,-0.07116437703371048,-0.05614499747753143,-0.041125617921352386,-0.02610623463988304,-0.011086853221058846,0.00393252819776535,0.018951909616589546,0.03397129103541374,0.04899067431688309,0.06401002407073975,0.07902940362691879,0.09404878318309784,0.10906817018985748,0.12408754974603653,0.13910692930221558,0.15412631630897522,0.16914568841457367,0.1841650754213333,0.19918446242809296,0.2142038345336914,0.22922322154045105,0.2442426085472107,0.25926199555397034,0.2742813527584076,0.28930073976516724,0.3043201267719269,0.3193395137786865,0.33435890078544617,0.3493782579898834,0.36439764499664307,0.3794170320034027,0.39443641901016235,0.409455806016922,0.42447519302368164,0.4394945502281189,0.45451393723487854,0.4695333242416382,0.4845527112483978,0.49957209825515747,0.5145914554595947,0.5296108722686768,0.544630229473114],"_type":"histogram","values":[1,0,0,0,0,1,0,0,0,0,1,0,0,2,0,2,1,3,2,4,1,4,6,9,10,13,7,108,4,0,1,0,1,0,0,1,1,0,0,0,0,0,2,0,2,1,0,1,0,0,1,0,0,0,0,0,0,1,0,0,0,0,0,1]},"||Cxy||_F-(0,)/test":0.6336719393730164,"epoch":500,"||Cxy||_F-(1,)/test":4.2292600642876444e-33,"_step":975,"_timestamp":1.7352447093232305e+09,"gradients/model.singular_fns_x.0.net.0.linear.weights":{"_type":"histogram","values":[1,0,0,0,0,0,0,0,0,0,0,0,0,0,0,1,0,1,0,1,1,2,1,0,1,0,0,0,0,0,2,2,0,1,1,3,2,1,1,0,1,1,0,0,0,0,0,1,1,0,0,0,0,0,2,1,1,0,0,1,0,0,0,1],"bins":[-0.1371074616909027,-0.13390395045280457,-0.13070045411586761,-0.12749694287776947,-0.12429343163967133,-0.12108992785215378,-0.11788642406463623,-0.11468291282653809,-0.11147940903902054,-0.10827590525150299,-0.10507239401340485,-0.1018688902258873,-0.09866538643836975,-0.0954618752002716,-0.09225837141275406,-0.08905486017465591,-0.08585135638713837,-0.08264785259962082,-0.07944434136152267,-0.07624083757400513,-0.07303732633590698,-0.06983382254838943,-0.06663031876087189,-0.06342680752277374,-0.060223303735256195,-0.05701979622244835,-0.0538162887096405,-0.050612784922122955,-0.04740927740931511,-0.04420576989650726,-0.041002266108989716,-0.03779875859618187,-0.03459525108337402,-0.03139174357056618,-0.02818823792040348,-0.024984732270240784,-0.021781224757432938,-0.01857771724462509,-0.015374211594462395,-0.012170705012977123,-0.008967198431491852,-0.00576369185000658,-0.002560185268521309,0.0006433213129639626,0.003846827894449234,0.0070503344759345055,0.010253841057419777,0.013457347638905048,0.01666085422039032,0.019864361733198166,0.023067867383360863,0.02627137303352356,0.029474880546331406,0.03267838805913925,0.0358818918466568,0.039085399359464645,0.04228890687227249,0.04549241438508034,0.048695921897888184,0.05189942568540573,0.05510293319821358,0.05830644071102142,0.06150994449853897,0.06471345573663712,0.06791695952415466]},"||Cy||_F-(1,)/train":2.4145752318423835e-33,"orth_reg/test":0.11138445138931274,"||Cy||_F-(1,)/val":4.5945666069827635e-33,"loss/test":-1.8592835664749146,"orth_reg/train":0.11169780790805817,"||Cy||_F-(0,)/val":0.6779186725616455,"trainer/global_step":3500,"_runtime":44.589778116,"gradients/model.singular_fns_y.0.net.0.linear.weights":{"_type":"histogram","values":[1,0,0,1,0,0,0,0,0,0,0,0,0,0,0,0,0,0,0,0,1,1,0,1,0,0,0,1,0,2,1,1,1,0,1,2,1,2,2,0,3,1,0,0,1,2,0,0,0,0,1,2,0,1,1,0,0,0,0,0,0,0,0,1],"bins":[-3.227840466024645e-07,-3.1399210342897277e-07,-3.05200160255481e-07,-2.964082170819893e-07,-2.8761627390849753e-07,-2.788243307350058e-07,-2.7003238756151404e-07,-2.612404443880223e-07,-2.5244850121453055e-07,-2.4365658646274824e-07,-2.3486462907840178e-07,-2.2607268590491003e-07,-2.17280756942273e-07,-2.0848881376878126e-07,-1.996968705952895e-07,-1.9090492742179777e-07,-1.8211298424830602e-07,-1.7332104107481427e-07,-1.6452909790132253e-07,-1.5573715472783078e-07,-1.4694521155433904e-07,-1.38153282591702e-07,-1.2936133941821026e-07,-1.2056939624471852e-07,-1.1177745307122677e-07,-1.0298550989773503e-07,-9.419356672424328e-08,-8.54016306561789e-08,-7.660968748268715e-08,-6.78177443091954e-08,-5.902580468841734e-08,-5.023386506763927e-08,-4.1441921894147526e-08,-3.264997872065578e-08,-2.3858039099877715e-08,-1.506609770274281e-08,-6.274156305607903e-09,2.517785091527003e-09,1.1309726488661909e-08,2.0101667885796815e-08,2.889360928293172e-08,3.7685552456423466e-08,4.647749207720153e-08,5.52694316979796e-08,6.406137487147134e-08,7.285331804496309e-08,8.164525411302748e-08,9.043719728651922e-08,9.922914046001097e-08,1.0802108363350271e-07,1.1681302680699446e-07,1.256049699804862e-07,1.3439691315397795e-07,1.4318884211661498e-07,1.5198078529010672e-07,1.6077272846359847e-07,1.6956467163709021e-07,1.7835661481058196e-07,1.871485579840737e-07,1.9594050115756545e-07,2.0473243012020248e-07,2.1352437329369423e-07,2.2231631646718597e-07,2.3110825964067772e-07,2.3990020281416946e-07]},"||Cx||_F-(0,)/train":0.6328765153884888,"||Cy||_F-(0,)/test":0.6336719393730164,"gradients/model.sval_dof.weights":{"bins":[-0.01722179353237152,-0.0156509168446064,-0.014080038294196129,-0.012509161606431007,-0.010938283987343311,-0.009367406368255615,-0.0077965292148292065,-0.006225652061402798,-0.004654774442315102,-0.003083897056058049,-0.0015130196698009968,5.785771645605564e-05,0.001628735102713108,0.0031996124889701605,0.004770489875227213,0.006341367028653622,0.007912244647741318,0.009483122266829014,0.01105399988591671,0.012624876573681831,0.014195754192769527,0.015766631811857224,0.017337508499622345,0.018908387050032616,0.020479263737797737,0.02205014042556286,0.02362101897597313,0.02519189566373825,0.026762772351503372,0.028333650901913643,0.029904527589678764,0.031475406140089035,0.033046282827854156,0.03461715951561928,0.0361880362033844,0.03775891661643982,0.03932979330420494,0.04090066999197006,0.042471546679735184,0.044042423367500305,0.045613303780555725,0.04718418046832085,0.04875505715608597,0.05032593384385109,0.05189681053161621,0.05346768721938133,0.05503856763243675,0.056609444320201874,0.058180321007966995,0.05975119769573212,0.06132207438349724,0.06289295107126236,0.06446383148431778,0.0660347044467926,0.06760558485984802,0.06917646527290344,0.07074733823537827,0.07231821864843369,0.07388909161090851,0.07545997202396393,0.07703085243701935,0.07860172539949417,0.08017260581254959,0.08174347877502441,0.08331435918807983],"_type":"histogram","values":[1,0,0,0,0,0,0,0,0,1,3,0,0,0,0,0,0,0,0,0,0,0,0,0,0,0,0,0,0,0,0,0,0,0,0,0,0,0,0,0,0,0,0,0,0,0,0,0,0,0,0,0,0,0,0,0,0,0,0,0,0,0,0,1]},"_wandb":{"runtime":44},"orth_reg/val":0.11124922335147858,"center_reg/train":2.4872548580169678,"||Cx||_F-(1,)/test":4.2292600642876444e-33,"||Cx||_F-(1,)/train":2.4145752318423835e-33,"mi_loss/val":-1.9950276613235474,"||Cx||_F-(1,)/val":4.5945666069827635e-33,