{"mi_loss/train":-1.9911381006240845,"gradients/model.singular_fns_x.1.weights":{"values":[1,0,1,0,0,0,0,0,0,0,0,0,0,0,0,0,0,0,0,0,0,0,1,0,1,0,0,0,0,0,0,0,0,0,0,0,0,0,0,0,1,9,0,0,0,1,1,0,0,0,0,1,0,0,0,0,0,0,0,0,0,0,0,1],"bins":[-0.1293562799692154,-0.1262759268283844,-0.1231955736875534,-0.12011521309614182,-0.11703485995531082,-0.11395450681447983,-0.11087414622306824,-0.10779379308223724,-0.10471343994140625,-0.10163308680057526,-0.09855273365974426,-0.09547237306833267,-0.09239201992750168,-0.08931166678667068,-0.0862313061952591,-0.0831509530544281,-0.0800705999135971,-0.07699024677276611,-0.07390989363193512,-0.07082953304052353,-0.06774917989969254,-0.06466882675886154,-0.06158846989274025,-0.05850811302661896,-0.055427759885787964,-0.05234740674495697,-0.04926704987883568,-0.046186693012714386,-0.04310633987188339,-0.0400259867310524,-0.03694562986493111,-0.033865272998809814,-0.030784912407398224,-0.02770455740392208,-0.024624202400445938,-0.021543847396969795,-0.018463492393493652,-0.01538313739001751,-0.012302782386541367,-0.009222427383065224,-0.006142072379589081,-0.003061717376112938,1.8637627363204956e-05,0.003098992630839348,0.006179347634315491,0.009259702637791634,0.012340057641267776,0.01542041264474392,0.018500767648220062,0.021581122651696205,0.024661477655172348,0.02774183265864849,0.030822187662124634,0.03390254080295563,0.03698289766907692,0.04006325453519821,0.043143607676029205,0.0462239608168602,0.04930431768298149,0.05238467454910278,0.05546502768993378,0.05854538083076477,0.06162573769688606,0.06470609456300735,0.06778644770383835],"_type":"histogram"},"||Cx||_F-(1,)/val":1.6458385871346737e-32,"||Cx||_F-(0,)/train":0.6060069799423218,"gradients/model.singular_fns_y.0.net.1.linear.weights":{"bins":[-1.359679036028183e-08,-1.307977370856861e-08,-1.2562757945033809e-08,-1.2045741293320589e-08,-1.1528724641607369e-08,-1.1011708878072568e-08,-1.0494692226359348e-08,-9.977676462824547e-09,-9.460659811111327e-09,-8.943643159398107e-09,-8.426627395863306e-09,-7.909610744150086e-09,-7.392594536526076e-09,-6.8755783289020656e-09,-6.358561677188845e-09,-5.841545469564835e-09,-5.324529261940825e-09,-4.807513054316814e-09,-4.290496846692804e-09,-3.773480194979584e-09,-3.2564639873555734e-09,-2.739447779731563e-09,-2.2224313500629478e-09,-1.705415031416635e-09,-1.1883987127703222e-09,-6.713823941240094e-10,-1.5436607547769654e-10,3.6265024316861627e-10,8.796665618149291e-10,1.3966828804612419e-09,1.9136991991075547e-09,2.43071562877617e-09,2.9477327245786e-09,3.4647489322026104e-09,3.981765139826621e-09,4.498781791539841e-09,5.015797999163851e-09,5.532814206787862e-09,6.049830858501082e-09,6.566847066125092e-09,7.0838632737491025e-09,7.600879925462323e-09,8.117895688997123e-09,8.634912340710343e-09,9.151928992423564e-09,9.668944755958364e-09,1.0185961407671584e-08,1.0702977171206385e-08,1.1219993822919605e-08,1.1737010474632825e-08,1.2254026238167626e-08,1.2771042889880846e-08,1.3288058653415646e-08,1.3805075305128867e-08,1.4322091956842087e-08,1.4839107720376887e-08,1.5356125260268527e-08,1.5873141023803328e-08,1.6390156787338128e-08,1.690717255087293e-08,1.742419009076457e-08,1.794120585429937e-08,1.845822161783417e-08,1.897523915772581e-08,1.949225492126061e-08],"_type":"histogram","values":[1,1,1,2,2,4,6,1,6,4,5,9,6,8,9,8,8,12,18,16,36,39,36,58,70,142,1035,108,51,66,42,34,35,24,16,13,16,15,11,9,10,6,11,3,2,7,0,6,2,1,4,0,2,4,2,1,0,1,1,0,0,1,0,1]},"gradients/model.singular_fns_y.0.net.2.weights":{"values":[1,0,0,1,0,0,0,1,0,0,0,0,0,0,0,2,0,0,1,0,0,1,0,0,0,0,1,0,0,1,0,2,0,1,0,2,1,2,0,3,2,2,1,3,0,3,2,0,2,2,1,1,3,130,3,5,2,5,1,0,1,0,1,2],"bins":[-4.583105095434803e-08,-4.497659489288708e-08,-4.4122142384139806e-08,-4.3267686322678856e-08,-4.2413230261217905e-08,-4.155877775247063e-08,-4.070432169100968e-08,-3.984986562954873e-08,-3.899540956808778e-08,-3.814095705934051e-08,-3.728650099787956e-08,-3.6432044936418606e-08,-3.5577592427671334e-08,-3.472313636621038e-08,-3.386868030474943e-08,-3.301422779600216e-08,-3.215977173454121e-08,-3.130531567308026e-08,-3.0450863164332986e-08,-2.9596407102872035e-08,-2.8741951041411085e-08,-2.7887496756306973e-08,-2.703304247120286e-08,-2.617858640974191e-08,-2.53241321246378e-08,-2.4469677839533688e-08,-2.3615221778072737e-08,-2.2760767492968625e-08,-2.1906313207864514e-08,-2.1051857146403563e-08,-2.019740286129945e-08,-1.93429467998385e-08,-1.848849251473439e-08,-1.763403645327344e-08,-1.6779582168169327e-08,-1.5925126106708376e-08,-1.5070671821604265e-08,-1.4216216648321733e-08,-1.3361761475039202e-08,-1.250730718993509e-08,-1.165285201665256e-08,-1.0798396843370028e-08,-9.943942558265917e-09,-9.089487384983386e-09,-8.235032211700855e-09,-7.380577038418323e-09,-6.526122309225002e-09,-5.671667580031681e-09,-4.8172124067491495e-09,-3.962757233466618e-09,-3.108302504273297e-09,-2.2538475530353708e-09,-1.3993926017974445e-09,-5.449376505595183e-10,3.09517300678408e-10,1.1639722519163342e-09,2.0184272031542605e-09,2.8728821543921867e-09,3.727337105630113e-09,4.581791834823434e-09,5.4362470081059655e-09,6.290702181388497e-09,7.145156910581818e-09,7.99961163977514e-09,8.85406681305767e-09],"_type":"histogram"},"epoch":500,"||Cxy||_F-(1,)/val":1.6458385871346737e-32,"center_reg/train":2.493311882019043,"||Cxy||_F-(0,)/train":0.6060069799423218,"||Cy||_F-(0,)/test":0.6346464157104492,"gradients/model.singular_fns_x.0.net.1.linear.weights":{"_type":"histogram","values":[1,0,0,1,0,0,0,0,1,1,0,1,1,0,0,1,4,2,3,1,1,6,2,4,3,7,14,7,10,16,15,26,30,34,35,51,49,1643,26,18,8,8,4,4,1,2,0,4,0,0,1,0,1,0,0,0,0,0,0,0,0,0,0,1],"bins":[-0.07243799418210983,-0.07049647718667984,-0.06855496019124985,-0.06661345064640045,-0.06467193365097046,-0.06273041665554047,-0.06078890338540077,-0.05884738638997078,-0.056905873119831085,-0.05496435612440109,-0.0530228391289711,-0.051081325858831406,-0.04913980886340141,-0.04719829559326172,-0.045256778597831726,-0.04331526532769203,-0.04137374833226204,-0.039432231336832047,-0.03749071806669235,-0.03554920107126236,-0.033607687801122665,-0.03166617080569267,-0.02972465567290783,-0.027783140540122986,-0.025841625407338142,-0.0239001102745533,-0.021958595141768456,-0.020017080008983612,-0.01807556301355362,-0.016134047880768776,-0.014192532747983932,-0.012251017615199089,-0.010309502482414246,-0.008367987349629402,-0.006426471751183271,-0.004484956152737141,-0.002543441019952297,-0.0006019256543368101,0.001339589711278677,0.003281105076894164,0.005222620442509651,0.007164135575294495,0.009105650708079338,0.011047166772186756,0.0129886819049716,0.014930197037756443,0.01687171310186386,0.018813228234648705,0.020754743367433548,0.02269625850021839,0.024637773633003235,0.02657928876578808,0.028520803898572922,0.030462320894002914,0.03240383416414261,0.0343453511595726,0.036286868155002594,0.03822838142514229,0.04016989842057228,0.042111411690711975,0.04405292868614197,0.04599444195628166,0.047935958951711655,0.04987747222185135,0.05181898921728134]},"||Cy||_F-(0,)/val":0.6789036989212036,"center_reg/test":2.4332878589630127,"orth_reg/train":0.11135726422071457,"||Cx||_F-(0,)/test":0.6346464157104492,"||Cxy||_F-(1,)/train":1.5163083666920704e-32,"_step":975,"||Cy||_F-(1,)/train":1.5163083666920704e-32,"||Cx||_F-(1,)/train":1.5163083666920704e-32,"gradients/model.sval_dof.weights":{"_type":"histogram","values":[1,0,0,0,0,0,0,0,0,0,0,0,0,0,0,0,0,0,0,0,0,0,0,0,0,0,0,0,0,0,0,0,0,0,0,0,0,0,3,0,0,0,1,0,0,0,0,0,0,0,0,0,0,0,0,0,0,0,0,0,0,0,0,1],