{"||Cxy||_F-(1,)/test":0.32907503843307495,"center_reg/train":2.5087265968322754,"loss/val":-1.8646098375320435,"||Cy||_F-(0,)/test":0.30443498492240906,"||Cy||_F-(1,)/train":0.3816426694393158,"mi_loss/train":-1.9865093231201172,"||Cxy||_F-(0,)/test":0.30443498492240906,"loss/train":-1.856065034866333,"||Cx||_F-(1,)/val":0.3730145990848541,"_runtime":48.065668703,"center_reg/val":2.560292959213257,"gradients/model.singular_fns_y.0.net.1.linear.weights":{"values":[1,0,0,0,0,0,0,0,0,0,0,0,0,1,0,0,1,0,1,1,1,0,2,4,0,0,1,4,4,9,6,12,24,18,28,30,48,74,91,178,1006,171,99,86,30,32,19,24,11,9,5,5,2,1,2,1,5,0,0,0,0,0,0,1],"bins":[-3.8036411353914445e-08,-3.7093748517236236e-08,-3.6151085680558026e-08,-3.5208426396593495e-08,-3.4265763559915285e-08,-3.3323100723237076e-08,-3.2380437886558866e-08,-3.1437775049880656e-08,-3.0495115765916125e-08,-2.9552451152881076e-08,-2.8609790092559706e-08,-2.7667127255881496e-08,-2.6724464419203287e-08,-2.5781803358881916e-08,-2.4839140522203706e-08,-2.3896479461882336e-08,-2.2953816625204126e-08,-2.2011153788525917e-08,-2.1068492728204546e-08,-2.0125829891526337e-08,-1.9183168831204966e-08,-1.8240505994526757e-08,-1.7297843157848547e-08,-1.6355182097527177e-08,-1.5412519260848967e-08,-1.4469857312349177e-08,-1.3527195363849387e-08,-1.2584532527171177e-08,-1.1641870578671387e-08,-1.0699208630171597e-08,-9.756545793493387e-09,-8.813883844993597e-09,-7.871225449207486e-09,-6.928563500707696e-09,-5.985901108118696e-09,-5.0432387155296965e-09,-4.1005767670299065e-09,-3.1579145964855115e-09,-2.2152524259411166e-09,-1.2725902553967217e-09,-3.299280848523267e-10,6.127340856920682e-10,1.5553962562364632e-09,2.498058426780858e-09,3.440720597325253e-09,4.383382545825043e-09,5.326044938414043e-09,6.268707331003043e-09,7.211369279502833e-09,8.154031228002623e-09,9.096693176502413e-09,1.0039356013180623e-08,1.0982017961680413e-08,1.1924679910180203e-08,1.2867342746858412e-08,1.3810004695358202e-08,1.4752666643857992e-08,1.5695329480536202e-08,1.6637990540857572e-08,1.7580653377535782e-08,1.8523316214213992e-08,1.9465977274535362e-08,2.0408640111213572e-08,2.1351301171534942e-08,2.2293964008213152e-08],"_type":"histogram"},"loss/test":-1.8700547218322754,"||Cx||_F-(0,)/val":0.33486348390579224,"gradients/model.sval_dof.weights":{"values":[1,0,0,0,0,0,0,0,0,0,0,0,0,0,0,0,0,0,0,0,0,0,0,0,1,0,0,1,1,0,0,0,1,0,0,0,0,0,0,0,0,0,0,0,0,0,0,0,0,0,0,0,0,0,0,0,0,0,0,0,0,0,0,1],"bins":[-0.023840736597776413,-0.022921983152627945,-0.022003227844834328,-0.02108447439968586,-0.02016572095453739,-0.019246965646743774,-0.018328212201595306,-0.01740945875644684,-0.01649070344865322,-0.015571950003504753,-0.01465319562703371,-0.013734441250562668,-0.0128156878054142,-0.011896933428943157,-0.010978179052472115,-0.010059425607323647,-0.009140671230852604,-0.008221916854381561,-0.007303162943571806,-0.006384409032762051,-0.005465654656291008,-0.004546900745481253,-0.0036281468346714973,-0.0027093926910310984,-0.0017906385473906994,-0.0008718844619579613,4.6869623474776745e-05,0.0009656237089075148,0.0018843777943402529,0.002803131937980652,0.003721885848790407,0.00464064022526145,0.005559394136071205,0.0064781480468809605,0.007396902423352003,0.008315656334161758,0.009234410710632801,0.010153164155781269,0.011071918532252312,0.011990672908723354,0.012909427285194397,0.013828180730342865,0.014746935106813908,0.01566568948328495,0.01658444292843342,0.017503196373581886,0.018421951681375504,0.01934070512652397,0.02025945857167244,0.021178213879466057,0.022096967324614525,0.023015722632408142,0.02393447607755661,0.024853229522705078,0.025771984830498695,0.026690738275647163,0.02760949172079563,0.02852824702858925,0.029447000473737717,0.030365753918886185,0.03128450736403465,0.03220326080918312,0.03312201797962189,0.034040771424770355,0.03495952486991882],"_type":"histogram"},"||Cxy||_F-(1,)/val":0.3730145990848541,"||Cx||_F-(0,)/test":0.30443498492240906,"gradients/model.singular_fns_y.0.net.0.linear.weights":{"values":[1,0,0,0,0,0,0,0,0,0,0,0,0,0,0,1,0,1,0,1,1,0,1,1,0,0,0,0,1,0,0,0,0,2,1,0,1,0,1,1,1,4,1,2,2,0,0,1,0,2,0,1,0,0,1,0,0,0,0,1,0,0,1,1],"bins":[-9.687282087611493e-09,-9.410053181113653e-09,-9.132825162794234e-09,-8.855597144474814e-09,-8.578368237976974e-09,-8.301139331479135e-09,-8.023911313159715e-09,-7.746683294840295e-09,-7.469454388342456e-09,-7.192225925933826e-09,-6.9149974635251965e-09,-6.637769001116567e-09,-6.360540538707937e-09,-6.083312076299308e-09,-5.806083613890678e-09,-5.528855151482048e-09,-5.251626689073419e-09,-4.974398226664789e-09,-4.697169764256159e-09,-4.41994130184753e-09,-4.1427128394389e-09,-3.8654843770302705e-09,-3.588255914621641e-09,-3.311027452213011e-09,-3.0337989898043816e-09,-2.756570527395752e-09,-2.4793420649871223e-09,-2.2021136025784926e-09,-1.924885140169863e-09,-1.6476566777612334e-09,-1.3704282153526037e-09,-1.093199752943974e-09,-8.159704023569248e-10,-5.387419399482951e-10,-2.6151347753966547e-10,1.5714984868964166e-11,2.929434472775938e-10,5.701719096862234e-10,8.474003720948531e-10,1.1246288345034827e-09,1.4018572969121124e-09,1.679085759320742e-09,1.9563142217293716e-09,2.2335426841380013e-09,2.510771146546631e-09,2.7879996089552606e-09,3.06522807136389e-09,3.34245653377252e-09,3.6196849961811495e-09,3.896913458589779e-09,4.174141920998409e-09,4.451370383407038e-09,4.728598845815668e-09,5.005827308224298e-09,5.283055770632927e-09,5.560284233041557e-09,5.8375126954501866e-09,6.114741157858816e-09,6.391969620267446e-09,6.6691980826760755e-09,6.946426545084705e-09,7.223655007493335e-09,7.500883469901964e-09,7.778112376399804e-09,8.055340394719224e-09],"_type":"histogram"},"mi_loss/test":-1.9979193210601807,"||Cx||_F-(0,)/train":0.3979814648628235,"trainer/global_step":3500,"_timestamp":1.7352449112592354e+09,"||Cx||_F-(1,)/test":0.32907503843307495,"gradients/model.singular_fns_x.0.net.2.weights":{"values":[1,0,0,1,1,0,1,1,0,1,1,0,0,1,0,1,0,0,2,4,4,1,0,0,2,3,1,0,1,2,6,7,13,94,8,4,3,1,1,0,2,4,2,0,0,2,1,2,0,2,0,1,0,1,1,2,1,1,1,1,0,1,0,1],"bins":[-0.26680460572242737,-0.2588782012462616,-0.2509517967700958,-0.24302539229393005,-0.23509898781776428,-0.22717256844043732,-0.21924616396427155,-0.21131975948810577,-0.20339335501194,-0.19546695053577423,-0.18754054605960846,-0.1796141415834427,-0.17168772220611572,-0.16376131772994995,-0.15583491325378418,-0.1479085087776184,-0.13998210430145264,-0.13205569982528687,-0.1241292953491211,-0.11620288342237473,-0.10827647894620895,-0.10035007447004318,-0.09242366254329681,-0.08449725806713104,-0.07657085359096527,-0.0686444491147995,-0.06071804091334343,-0.05279163271188736,-0.04486522823572159,-0.03693882375955582,-0.029012415558099747,-0.021086009219288826,-0.013159587979316711,-0.005233181640505791,0.00269322469830513,0.01061963103711605,0.01854603737592697,0.026472443714737892,0.03439885005354881,0.04232525825500488,0.050251662731170654,0.058178067207336426,0.0661044716835022,0.07403088361024857,0.08195728808641434,0.08988369256258011,0.09781010448932648,0.10573650896549225,0.11366291344165802,0.12158931791782379,0.12951572239398956,0.13744212687015533,0.1453685462474823,0.15329495072364807,0.16122135519981384,0.16914775967597961,0.17707416415214539,0.18500056862831116,0.19292697310447693,0.2008533775806427,0.20877978205680847,0.21670620143413544,0.2246326059103012,0.23255901038646698,0.24048541486263275],"_type":"histogram"},"gradients/model.singular_fns_y.0.net.2.weights":{"_type":"histogram","values":[2,2,2,2,3,1,2,7,1,3,118,2,1,2,1,2,3,3,0,2,1,0,2,2,4,2,2,0,2,0,1,3,1,1,1,0,0,0,1,0,0,1,2,0,0,0,0,1,0,0,0,2,0,0,0,0,0,0,2,1,0,0,0,1],