{"rank(1,)/test":0.0833333283662796,"orth_reg/train":44.00952911376953,"mi_loss/val":-1.9909008741378784,"rank(1,)/train":0.0833333358168602,"rank(0,)/train":0.0833333358168602,"center_reg/train":2.45546293258667,"gradients/model.singular_fns_y.0.net.1.linear.weights":{"_type":"histogram","values":[1,0,0,0,0,1,0,0,0,0,0,2,0,0,0,0,0,1,1,1,0,2,1,3,2,2,2,5,5,4,6,9,15,26,39,70,161,968,274,147,111,53,51,30,16,10,8,6,4,4,1,2,0,0,0,1,1,0,0,0,1,0,0,1],"bins":[-1.8040259419649374e-06,-1.7563800156494835e-06,-1.7087340893340297e-06,-1.6610882767054136e-06,-1.6134423503899598e-06,-1.565796424074506e-06,-1.518150497759052e-06,-1.4705045714435983e-06,-1.4228587588149821e-06,-1.3752128324995283e-06,-1.3275669061840745e-06,-1.2799209798686206e-06,-1.2322750535531668e-06,-1.184629127237713e-06,-1.1369833146090969e-06,-1.089337388293643e-06,-1.0416914619781892e-06,-9.940455356627353e-07,-9.463996661907004e-07,-8.987537398752465e-07,-8.511078704032116e-07,-8.034619440877577e-07,-7.558160177723039e-07,-7.081701483002689e-07,-6.605242219848151e-07,-6.128782956693613e-07,-5.652324261973263e-07,-5.175864998818724e-07,-4.6994060198812804e-07,-4.2229470409438363e-07,-3.746487777789298e-07,-3.270028798851854e-07,-2.79356981991441e-07,-2.3171108409769658e-07,-1.8406517199309747e-07,-1.3641925988849835e-07,-8.877336199475394e-08,-4.112745699558218e-08,6.518448003589583e-09,5.4164353002761345e-08,1.0181025800193311e-07,1.494561558956775e-07,1.9710206800027663e-07,2.4474798010487575e-07,2.9239387799862016e-07,3.4003977589236456e-07,3.876857022078184e-07,4.353316001015628e-07,4.829774979953072e-07,5.30623424310761e-07,5.78269293782796e-07,6.259152200982498e-07,6.735610895702848e-07,7.212070158857387e-07,7.688529422011925e-07,8.164988116732275e-07,8.641447379886813e-07,9.117906643041351e-07,9.594365337761701e-07,1.007082460091624e-06,1.0547283864070778e-06,1.1023743127225316e-06,1.1500201253511477e-06,1.1976660516666016e-06,1.2453119779820554e-06]},"_timestamp":1.7352391204958572e+09,"loss/test":-1.5071930885314941,"_runtime":14.967438147,"center_reg/test":2.403592109680176,"gradients/model.singular_fns_x.0.net.1.linear.weights":{"bins":[-0.07097683101892471,-0.06918494403362274,-0.06739305704832077,-0.0656011626124382,-0.06380927562713623,-0.06201738864183426,-0.06022549793124199,-0.05843361094594002,-0.05664172023534775,-0.054849833250045776,-0.053057946264743805,-0.051266055554151535,-0.049474168568849564,-0.047682277858257294,-0.04589039087295532,-0.04409850016236305,-0.04230661317706108,-0.04051472619175911,-0.03872283548116684,-0.03693094849586487,-0.0351390577852726,-0.03334717079997063,-0.03155528008937836,-0.029763393104076385,-0.027971504256129265,-0.026179615408182144,-0.024387726560235023,-0.022595837712287903,-0.02080395072698593,-0.01901206187903881,-0.01722017303109169,-0.01542828418314457,-0.013636399060487747,-0.011844510212540627,-0.010052621364593506,-0.00826073344796896,-0.006468844600021839,-0.0046769557520747185,-0.002885067369788885,-0.001093178754672408,0.0006987098604440689,0.002490598475560546,0.004282487090677023,0.006074375472962856,0.007866264320909977,0.009658153168857098,0.011450041085481644,0.013241929933428764,0.015033818781375885,0.016825707629323006,0.018617596477270126,0.020409485325217247,0.022201374173164368,0.02399326115846634,0.02578515000641346,0.02757703885436058,0.0293689277023077,0.031160816550254822,0.03295270353555679,0.03474459424614906,0.036536481231451035,0.038328371942043304,0.040120258927345276,0.041912149637937546,0.04370403662323952],"_type":"histogram","values":[1,0,0,0,0,0,0,2,1,0,0,0,0,0,2,2,0,0,0,0,2,2,1,0,2,5,3,5,16,10,11,24,27,33,48,65,100,181,275,813,169,97,60,28,15,15,10,4,6,4,3,0,0,3,1,0,0,0,1,0,0,0,0,1]},"gradients/model.singular_fns_x.0.net.2.weights":{"bins":[-0.06458598375320435,-0.062482237815856934,-0.06037849187850952,-0.05827474594116211,-0.0561710000038147,-0.054067257791757584,-0.05196351185441017,-0.04985976591706276,-0.04775601997971535,-0.045652274042367935,-0.04354852810502052,-0.04144478216767311,-0.039341039955616,-0.037237294018268585,-0.03513354808092117,-0.03302980214357376,-0.03092605620622635,-0.028822310268878937,-0.026718564331531525,-0.024614820256829262,-0.02251107431948185,-0.020407328382134438,-0.018303584307432175,-0.016199838370084763,-0.01409609243273735,-0.011992346495389938,-0.0098886014893651,-0.007784856017678976,-0.005681110545992851,-0.0035773650743067265,-0.0014736196026206017,0.0006301258690655231,0.002733871340751648,0.004837616812437773,0.0069413622841238976,0.009045107290148735,0.011148853227496147,0.01325259916484356,0.015356344170868397,0.017460089176893234,0.019563835114240646,0.02166758105158806,0.02377132698893547,0.025875071063637733,0.027978817000985146,0.030082562938332558,0.03218630701303482,0.03429005295038223,0.036393798887729645,0.03849754482507706,0.04060129076242447,0.04270503669977188,0.04480878263711929,0.04691252484917641,0.04901627078652382,0.05112001672387123,0.05322376266121864,0.055327508598566055,0.05743125453591347,0.05953500047326088,0.06163874268531799,0.0637424886226654,0.06584623456001282,0.06794998049736023,0.07005372643470764],"_type":"histogram","values":[1,0,0,1,0,0,0,0,0,0,0,0,0,1,1,3,4,2,0,1,3,2,2,3,1,9,20,15,20,45,392,70,37,35,28,17,9,7,2,2,2,4,4,4,7,4,2,3,0,1,0,0,0,1,0,0,0,1,0,1,0,0,0,1]},"_step":350,"gradients/model.singular_fns_x.0.net.0.linear.weights":{"values":[1,0,0,0,0,0,0,0,0,0,0,0,0,0,0,1,0,0,0,0,1,0,1,1,0,0,1,0,0,0,0,2,0,0,1,1,1,1,1,2,1,1,1,0,3,0,0,0,1,0,2,1,1,1,2,0,1,0,0,0,0,1,0,1],"bins":[-0.029390431940555573,-0.028656262904405594,-0.027922092005610466,-0.027187921106815338,-0.02645375207066536,-0.02571958303451538,-0.024985412135720253,-0.024251241236925125,-0.023517072200775146,-0.022782903164625168,-0.02204873226583004,-0.021314561367034912,-0.020580392330884933,-0.019846223294734955,-0.019112052395939827,-0.0183778814971447,-0.01764371246099472,-0.016909543424844742,-0.016175372526049614,-0.01544120255857706,-0.014707032591104507,-0.013972862623631954,-0.013238692656159401,-0.012504522688686848,-0.011770352721214294,-0.011036182753741741,-0.010302012786269188,-0.009567842818796635,-0.008833672851324081,-0.008099502883851528,-0.007365332916378975,-0.006631162948906422,-0.005896994844079018,-0.005162824876606464,-0.004428654909133911,-0.003694484941661358,-0.0029603149741888046,-0.0022261450067162514,-0.0014919750392436981,-0.0007578050717711449,-2.3635104298591614e-05,0.0007105348631739616,0.001444704830646515,0.002178874798119068,0.0029130447655916214,0.0036472147330641747,0.004381384700536728,0.005115554668009281,0.005849724635481834,0.006583894602954388,0.007318064570426941,0.008052234537899494,0.008786404505372047,0.0095205744728446,0.010254744440317154,0.010988914407789707,0.01172308437526226,0.012457254342734814,0.013191424310207367,0.01392559427767992,0.014659764245152473,0.015393934212625027,0.01612810418009758,0.01686227321624756,0.017596444115042686],"_type":"histogram"},"mi_loss/test":-1.9953577518463135,"rank(0,)/test":0.0833333283662796,