{"_runtime":15.659322521,"rank(1,)/train":0.0833333358168602,"min_sval(1,)/test":1.0014122343859899e-11,"center_reg/val":3.5792683661384217e-07,"max_sval(0,)/val":1.504477893377043e-07,"center_reg/test":3.6335794106889807e-07,"rank(0,)/test":0.0833333283662796,"min_sval(1,)/val":1.436785759811876e-11,"gradients/model.singular_fns_y.0.net.1.weights":{"values":[1,0,0,0,0,0,1,0,0,1,0,0,1,2,1,1,1,1,2,1,3,0,2,0,4,2,4,11,14,23,18,31,426,39,29,18,23,13,18,9,12,10,8,7,5,5,2,3,4,3,2,2,0,1,1,0,0,1,0,1,0,0,0,1],"bins":[-5.578270929618157e-07,-5.404641569839441e-07,-5.231012210060726e-07,-5.057383418716199e-07,-4.883754058937484e-07,-4.7101246991587686e-07,-4.5364956235971476e-07,-4.3628665480355266e-07,-4.1892371882568114e-07,-4.015607828478096e-07,-3.841978752916475e-07,-3.668349677354854e-07,-3.494720317576139e-07,-3.3210909577974235e-07,-3.1474618822358025e-07,-2.9738328066741815e-07,-2.800203446895466e-07,-2.626574087116751e-07,-2.45294501155513e-07,-2.2793157938849617e-07,-2.1056865762147936e-07,-1.9320573585446255e-07,-1.7584281408744573e-07,-1.5847989232042892e-07,-1.411169705534121e-07,-1.237540487863953e-07,-1.0639112701937847e-07,-8.902820525236166e-08,-7.166528348534484e-08,-5.430236171832803e-08,-3.6939439951311215e-08,-1.95765181842944e-08,-2.213539573858725e-09,1.514938219315809e-08,3.2512303960174904e-08,4.987522572719172e-08,6.723814749420853e-08,8.460106926122535e-08,1.0196399102824216e-07,1.1932691279525898e-07,1.366898345622758e-07,1.540527563292926e-07,1.7141567809630942e-07,1.8877859986332624e-07,2.0614152163034305e-07,2.2350444339735986e-07,2.408673651643767e-07,2.582302727205388e-07,2.755932086984103e-07,2.9295614467628184e-07,3.1031905223244394e-07,3.2768195978860604e-07,3.4504489576647757e-07,3.624078317443491e-07,3.797707393005112e-07,3.971336468566733e-07,4.144965828345448e-07,4.3185951881241635e-07,4.4922242636857845e-07,4.6658533392474055e-07,4.839482699026121e-07,5.013112058804836e-07,5.186741418583551e-07,5.360370209928078e-07,5.533999569706793e-07],"_type":"histogram"},"rank(0,)/train":0.0833333358168602,"trainer/global_step":1000,"epoch":500,"loss/test":459.03399658203125,"rank(1,)/test":0.0833333283662796,"center_reg/train":3.647093365088949e-07,"_timestamp":1.7352409772973168e+09,"max_sval(0,)/test":1.4815020676905988e-07,"gradients/model.sval_dof.weights":{"bins":[-0.040140923112630844,-0.03893574699759483,-0.03773057460784912,-0.03652539849281311,-0.0353202223777771,-0.03411504998803139,-0.03290987387299538,-0.031704697757959366,-0.030499523505568504,-0.029294349253177643,-0.028089173138141632,-0.02688399888575077,-0.02567882463335991,-0.0244736485183239,-0.023268474265933037,-0.022063298150897026,-0.020858123898506165,-0.019652949646115303,-0.018447773531079292,-0.01724259927868843,-0.01603742316365242,-0.014832248911261559,-0.013627074658870697,-0.012421899475157261,-0.011216724291443825,-0.010011549107730389,-0.008806373924016953,-0.007601199671626091,-0.006396024487912655,-0.005190849304199219,-0.00398567458614707,-0.0027804996352642775,-0.0015753209590911865,-0.00037014600820839405,0.0008350289426743984,0.002040203893557191,0.0032453788444399834,0.0044505540281534195,0.005655728746205568,0.006860903464257717,0.008066078647971153,0.00927125383168459,0.010476429015398026,0.011681603267788887,0.012886778451502323,0.01409195363521576,0.01529712788760662,0.01650230400264263,0.017707478255033493,0.018912652507424355,0.020117828622460365,0.021323002874851227,0.022528178989887238,0.0237333532422781,0.02493852749466896,0.02614370360970497,0.027348877862095833,0.028554052114486694,0.029759228229522705,0.030964402481913567,0.03216957673430443,0.03337475284934044,0.03457992896437645,0.03578510135412216,0.03699027746915817],"_type":"histogram","values":[1,0,0,0,0,0,0,0,0,0,0,0,0,0,0,0,0,0,0,0,0,0,0,0,0,0,0,0,1,0,0,2,1,14,3,0,1,0,0,0,0,0,0,0,0,0,0,0,0,0,0,0,0,0,0,0,0,0,0,0,0,0,0,1]},"loss/train":459.00360107421875,"gradients/model.singular_fns_x.0.net.1.weights":{"_type":"histogram","values":[2,0,2,0,0,0,0,0,0,0,0,0,0,0,1,1,0,0,1,1,4,6,8,7,11,10,11,7,16,25,30,31,437,27,29,23,10,11,6,7,8,10,3,1,1,1,1,1,1,5,0,2,1,1,0,0,0,0,2,2,2,0,0,2],"bins":[-0.8188040256500244,-0.7933339476585388,-0.7678638696670532,-0.7423937916755676,-0.7169236540794373,-0.6914535760879517,-0.6659834980964661,-0.6405134201049805,-0.6150433421134949,-0.5895732641220093,-0.5641031265258789,-0.5386330485343933,-0.5131629705429077,-0.4876928925514221,-0.4622228145599365,-0.43675270676612854,-0.41128262877464294,-0.38581255078315735,-0.36034244298934937,-0.33487236499786377,-0.3094022870063782,-0.2839321792125702,-0.2584621012210846,-0.232992023229599,-0.2075219303369522,-0.18205183744430542,-0.15658175945281982,-0.13111166656017303,-0.10564158111810684,-0.08017149567604065,-0.05470140650868416,-0.029231319203972816,-0.0037612318992614746,0.021708855405449867,0.04717894271016121,0.0726490318775177,0.09811911731958389,0.12358920276165009,0.14905929565429688,0.17452937364578247,0.19999946653842926,0.22546955943107605,0.25093963742256165,0.27640971541404724,0.3018798232078552,0.3273499011993408,0.3528199791908264,0.3782900869846344,0.40376016497612,0.4292302429676056,0.4547003507614136,0.48017042875289917,0.5056405067443848,0.5311105847358704,0.556580662727356,0.5820508003234863,0.6075208783149719,0.6329909563064575,0.6584610342979431,0.6839311122894287,0.7094011902809143,0.7348713278770447,0.7603414058685303,0.7858114838600159,0.8112815618515015]},"max_sval(1,)/test":1.0135999917984009,"orth_reg/test":46.00323486328125,"gradients/model.singular_fns_x.1.weights":{"_type":"histogram","values":[1,0,0,0,1,0,0,0,0,0,0,0,0,1,0,0,1,2,0,1,3,1,2,1,1,3,4,5,6,8,8,12,8,157,8,8,8,8,6,3,4,3,1,1,1,3,2,1,0,0,1,2,0,0,0,0,0,0,0,0,1,0,0,1],"bins":[-0.6375249028205872,-0.6184068918228149,-0.599288821220398,-0.5801708102226257,-0.5610527992248535,-0.5419347286224365,-0.5228167176246643,-0.5036987066268921,-0.4845806658267975,-0.4654626250267029,-0.44634461402893066,-0.42722657322883606,-0.40810853242874146,-0.38899052143096924,-0.36987248063087463,-0.3507544696331024,-0.3316364288330078,-0.3125183880329132,-0.293400377035141,-0.2742823362350464,-0.25516432523727417,-0.23604628443717957,-0.21692824363708496,-0.19781021773815155,-0.17869219183921814,-0.15957416594028473,-0.14045614004135132,-0.12133809924125671,-0.1022200733423233,-0.08310204744338989,-0.06398401409387589,-0.044865984469652176,-0.025748014450073242,-0.006629984825849533,0.012488044798374176,0.031606074422597885,0.050724104046821594,0.069842129945755,0.08896016329526901,0.10807819664478302,0.12719622254371643,0.14631424844264984,0.16543227434158325,0.18455031514167786,0.20366834104061127,0.22278636693954468,0.24190440773963928,0.2610224187374115,0.2801404595375061,0.2992585003376007,0.3183765113353729,0.33749455213546753,0.35661256313323975,0.37573060393333435,0.39484864473342896,0.41396665573120117,0.4330846965312958,0.4522027373313904,0.4713207483291626,0.4904387891292572,0.5095568299293518,0.528674840927124,0.5477928519248962,0.5669109225273132,0.5860289335250854]},